factors_by_continent_view_id,continent,country_count,total_cases,infection_rate,total_deaths,death_rate,total_population,sum_stringency_index,sum_population_density,sum_aged_70_older,sum_handwashing_facilities,sum_cardiovasc_death_rate,sum_human_development_index,sum_life_expectancy,sum_people_fully_vaccinated,sum_total_vaccinations,full_vaccination_rate
6,"South America",12,64734454317,9.5776,1475932779,0.2184,675896905176,646050.1799999992,453170.49999997683,96364.90017414093,612921.3064727783,3480493.2039994835,14179.963988304138,1395194.0061340332,152825631568,427146283386,35.7783
3,"Europe",48,204846163962,17.6910,2096142262,0.1810,1157909081523,1887589.3500002136,46577590.85203357,711740.4010753632,436322.3752441406,14626865.718000466,57278.34906679392,5818075.593528748,234332554862,632001308272,37.0779
4,"North America",34,111050137237,11.9374,1668662119,0.1794,930267777960,1035444.2599999775,14736163.986000905,241186.23307991028,1560792.6827316284,7933819.450000412,26931.185945510864,4039939.7494659424,202504015509,576168822677,35.1466
5,"Oceania",19,9706088093,13.9264,19810879,0.0284,69695813521,348205.3899999717,4397019.394000039,90933.22721004486,222294.34478759766,7786282.120999924,13269.466916561127,2140227.3380355835,8005870584,26081594639,30.6955
2,"Asia",48,214128403434,2.9506,1580897036,0.0218,7257200990769,2319904.240000037,57761551.984972164,296872.3365559578,2801049.572757721,21265851.206995066,52920.10290515423,5475448.077804565,1188335446512,4426631803867,26.8451
1,"Africa",53,12520760110,0.5720,273137895,0.0125,2188782000828,2087300.9300000956,8490934.80000004,179261.49607086182,1713375.9312286377,23581126.72799606,45334.728066802025,5269856.381103516,22593156172,50710428429,44.5533
